,query,facet,reference,candidate
0,tell me about cass county missouri,list homes sale,are you interested in a list of homes for sale in cass county,do you need information on the homes sale list
1,What is von Willebrand Disease?,treatments,are you interested in learning about treatments for von willebrand disease,are you looking for treatments for this disease
2,What is von Willebrand Disease?,types,are you interested in the types of von willebrand disease,are you looking for some types of disease
3,Tell me about atypical squamous cells,aytypical desciption,are you interested in a desciption of aytypical squamous cells,do you want to go ay ay ay des ay aytypical desciption desci
4,Tell me about atypical squamous cells,result test,are you interested in atypical squamous cells in a test result,would you like to see in your test result
5,Tell me about atypical squamous cells,urine,are you interested in atypical squamous cells in urine,would you like to see in your urine
6,Tell me more about Rocky Mountain News,archives,are you interested in news archives,do you need to go to the archives
7,Tell me more about Rocky Mountain News,information park national inn,are you interested inn information about the national park,do you need information or information on national park inn
8,Find me information about the sales tax in Illinois.,state,are you interested in how the illinois state tax is determined,do you need information about state sales tax
9,Find me information about the sales tax in Illinois.,state,are you interested in how to pay your illinois state tax,do you need information about state sales tax
10,I’m looking for blue throated hummingbird,hummingbirds,are you interested in learning about where blue throated hummingbirds live,are you looking for hummingbirds
11,Tell me information about computer programming.,bootcamp coding,are you interested in a coding bootcamp,do you need information about coding bootcamp
12,Tell me information about computer programming.,courses,are you interested in coding courses online,do you need information about the computer programming courses
13,Tell me information about computer programming.,courses children,are you interested in programming courses for children,do you need information about children courses in computer programming
14,Tell me information about computer programming.,history,are you interested in the history of computer programming,do you need information about the history of computer programming
15,I'm looking for a wedding budget calculator,service budgeting,are you interested in a service for wedding budgeting,would you like to see service budgeting
16,Find Brooks Brothers clearance.,shirts,are you interested in brooks brothers clearance shirts,would you like to see Brooks Brothers shirts
17,When can I see Churchil Downs,churchill events schedule,are you interested in a schedule of events from churchill downs,do you need information on churchill events schedule
18,When can I see Churchil Downs,racing schedule,are you interested in the racing schedule,are you looking for my racing schedule
19,Tell me more about Euclid,greek mathmetician,are you interested in learning about the greek mathmetician,do you need to greek or mathmetician
20,Tell me about Starbucks.,information nutritional specific,are you interested in a specific nutritional information,do you need information on specific nutritional information
21,Tell me about Starbucks.,stocks,are you interested in the stocks of starbucks,are you looking for stocks
22,Find information about living in India.,house,are you interested in buying a house in india,do you need information about your house in India
23,Find information about living in India.,place,are you interested in the best place to live in india,do you need information about your place of residence
24,Find information about living in India.,cost,are you interested in the cost of living in india,do you need information about the cost of living
25,Tell me about kiwi,images fruit,are you interested in images of the kiwi fruit,are you looking for images of fruit and vegetables
26,Tell me about kiwi,biology bird,are you interested in the biology of the kiwi bird,would you like to know more about bird biology
27,Find information from the milwaukee journal sentinel.,subscription,are you interested in a subscription to the milwaukee journal sentinel,do you want information about this subscription
28,What was the name of Elvis Presley's home?,presleys,are you interested in touring elvis presleys home,are you looking for Elvis presleys
29,What was the name of Elvis Presley's home?,memphis tennessee,are you interested in visiting memphis tennessee,would you like to memphis or tennessee
30,What are problems with ford edge?,reviews customer,are you interested in seeing customer reviews of the ford edge,are you looking for customer reviews
31,Tell me about history of orcas island,proeuropean,are you interested in proeuropean history of orcas island,do you want information about the proeuropean orcas
32,Tell me about history of orcas island,natural,are you interested in the natural history of orcas island,do you need information about orcas natural history
33,Find more information about baldness cure,women balding men,are you interested in a balding cure for men or women,do you need information about women men balding
34,Find more information about baldness cure,natural balding,are you interested in a natural balding cure,do you need information about natural balding
35,Find more information about baldness cure,medications balding,are you interested in seeing balding cure medications,do you need information about balding medications
36,Find more information about baldness cure,cures balding available,are you interested in the latest balding cures available in 2020,do you need information about balding cures available at http://www
37,Find information on hayrides in pa,pennsylvania hayride haunted,are you interested in a haunted hayride in pennsylvania,do you want to know pennsylvania hayride haunted
38,Find information on hayrides in pa,pennsylvania specific area,are you interested in a specific area in pennsylvania for hayrides,would you like to visit pennsylvania specific area
39,What is Poem in Your Pocket Day?,canadian holiday,are you interested in the canadian holiday,do you need to write canadian holiday poems
40,Find me a map of the US Capitol,hill,are you interested in a map of capitol hill,are you interested in visiting the Capitol hill
41,How to cure angular cheilitis,remedies home,are you interested in home remedies for angular cheilitis,do you need information on home remedies for angular
42,Tell me about defender,personality isfj type,are you interested in the isfj personality type,do you need to have personality type is isfj
43,Tell me about defender,television series,are you interested in the television series defender,are you interested in doing television series
44,Tell me about defender,games video,are you interested in video games related to defender,would you like to play video games
45,Find me map of USA,united current states,are you interested in a current map of the united states,are you interested in the current state of the united states
46,Find me map of USA,united historical states,are you interested in a historical map of the united states,do you want to see historical map of united states
47,Find me map of USA,united satellite states,are you interested in a satellite map of the united states,are you looking for the united states satellite
48,Find me map of USA,states world,are you interested in knowning the 50 states in the world,do you want to know more about the world states
49,tell me about Voyager,history,are you interested in the history of the voyager,are you looking for the history of Voyager
50,tell me about memory,computer,are you interested in computer memory,are you interested in computer science
51,tell me about memory,memories type,are you interested in the type of memories,do you need to tell me about memories type
52,Who is the patron saint of mental illness?,story back,are you interested in learning the back story of the patron saint of mental illness,do you want to know back story of your life
53,i'm interested in history of the electronic medical record,specific time,are you interested in a specific time when electronic medical record keeping started,are you looking for a specific time period
54,Find me information about the Ritz Carlton Lake Las Vegas.,history,would you like the history of ritz carlton lake las vegas,do you need information about the history of this place
55,Find me information about the Ritz Carlton Lake Las Vegas.,location,would you like the location of the ritz carlton lake las vegas,do you need information about the location of the hotel
56,Find me information about the Ritz Carlton Lake Las Vegas.,capacity,would you like to know the capacity of ritz carlton lake las vegas,do you need information about this hotel capacity
57,Find me information about the Ritz Carlton Lake Las Vegas.,map,would you like to know where ritz carlton lake las vegas is on a map,do you need information about this map
58,Find me information about the Ritz Carlton Lake Las Vegas.,reviews,would you like to read some reviews of the ritz carlton lake las vegas,do you need information about any other reviews
59,I'm looking for universal animal cuts reviews,comparable products,would you like to see comparable products to universal animal cuts,are you interested in any comparable animal products
60,I'm looking for universal animal cuts reviews,top,would you like to see the top reviews for universal animal cuts,do you need information on top of that
61,tell me about cass county missouri,city,would you like to know more about the city,do you need information about this city
62,What is von Willebrand Disease?,symptoms,would you like to learn about the symptoms of von willebrand disease,are you looking for the symptoms of this disease
63,Tell me about atypical squamous cells,cure,would you like to know if there is a cure,do you need information to cure your squamous cell
64,Tell me about atypical squamous cells,chance,would you like to know the chance of getting atypical squamous cells,do you want to know what chance they have
65,Tell me about atypical squamous cells,definition,would you like the definition of atypical squamous cells,are you looking for a definition of a squamous cell
66,Tell me about atypical squamous cells,treatment,would you like to know about treatment for atypical squamous cells,are you interested in the treatment of squamous cell carcinoma
67,all men are created equal,address gettysburg,would you like to know the gettysburg address,are you looking for the get get gettysburg address
68,all men are created equal,author quote,would you like to learn about the author of that quote,are you looking for a quote from the author
69,all men are created equal,quote origin,would you like to learn about the origin of that quote,do you need to quote the origin of the word
70,all men are created equal,jefferson thomas,would you like to learn more about thomas jefferson,are you interested in a thomas je jefferson
71,all men are created equal,declaration independence,would you like to learn more about the declaration of independence,are you looking for a declaration of independence
72,all men are created equal,interpretation supreme court,would you like to know its interpretation by the us supreme court,do you want to interpretation the supreme court decision
73,all men are created equal,declaration independence,would you like to know more about the declaration of independence,are you looking for a declaration of independence
74,all men are created equal,author,would you like to know more about the author,are you looking for the author of this book
75,Tell me more about Rocky Mountain News,recent,would you like to read recent news about the rocky mountain news,are you looking for a recent news story
76,Tell me more about Rocky Mountain News,reporters list,would you like to see a list of reporters of the rocky mountain news,are you looking for a list of reporters
77,Find me information about the sales tax in Illinois.,know state,would you like know who collects illinois state tax,do you need to know about the state sales tax
78,Find me information about the sales tax in Illinois.,due state,would you like to know when the illinois state tax is due,are you interested in the state sales tax due
79,I’m looking for blue throated hummingbird,information breeding,would you like information about their breeding,are you looking for breeding information
80,I’m looking for blue throated hummingbird,numbers current hummingbirds population,would you like to know about the current population numbers of blue throated hummingbirds,would you like to see current hummingbirds population numbers
81,I’m looking for blue throated hummingbird,anything life specific style,would you like to know anything specific related to it life style,are you looking for anything life style specific
82,I’m looking for blue throated hummingbird,eat hummingbirds,would you like to learn about how blue throated hummingbirds eat,do you need to eat hummingbirds
83,I’m looking for blue throated hummingbird,hummingbirds fast,would you like to learn about how fast blue throated hummingbirds are,do you need to stop hummingbirds fast
84,I want to learn about rock art.,anything specific music,would you like to know anything specific about rock music,are you looking for anything specific about rock music
85,I'm looking for a wedding budget calculator,budgeting app,would you like to find an app for wedding budgeting,are you looking for a budgeting app
86,I'm looking for a wedding budget calculator,budgeting articles,would you like to see articles about wedding budgeting,are you looking for wedding budgeting articles
87,Find Brooks Brothers clearance.,list shoes,would you like a list of brooks brothers shoes on clearance,are you looking for a list of shoes
88,Find Brooks Brothers clearance.,policy return,would you like to know about the brooks brothers clearance return policy,are you interested in return policy
89,Find Brooks Brothers clearance.,sales,would you like to learn about brooks brothers clearance sales,are you interested in sales of this item
90,When can I see Churchil Downs,churchill history,would you like to know the history of churchill downs,are you looking for churchill history
91,Where should I order dog clean-up bags,shopping,would you like to do online shopping,do you want to know how to order shopping bags
92,Where should I order dog clean-up bags,clean location,would you like to know a location to find dog clean bags,do you want to order location clean up bags
93,Find information on ontario california airport.,book hotel,would you like to book a hotel there,are you interested in booking a hotel bookings
94,Find information on ontario california airport.,tickets,would you like to buy tickets to california,do you need information on how to get tickets
95,Find information on ontario california airport.,services ontarioca,would you like to know more about ontarioca airport services,do you need information on ontarioca services
96,Find information on ontario california airport.,departures arrivals,would you like to know more about arrivals or departures,"do you need information on airport arrivals, departures, etc"
97,Find information on ontario california airport.,book flight,would you like to book a flight at ontario california airport,are you interested in booking a flight or book a flight
98,Find information on ontario california airport.,departure times,would you like to hear departure times for ontario california airport,do you need information on airport departure times
99,Find information on ontario california airport.,nes,would you like to hear nes about ontario california airport,do you want information on nesseca airport
100,Find information on ontario california airport.,directions location,would you like directions from your location,do you want information and directions to your location
101,tell me about diversity,definition legal,would you like the legal definition of diversity,are you looking for a legal definition of diversity
102,tell me about diversity,organization,would you like to know how diversity helps or harms an organization,do you need information about diversity in your organization
103,tell me about diversity,results business,would you like to see results about diversity in a business setting,do you need to tell me about business results
104,Tell me about Starbucks.,information history,would you like history information regarding starbucks,are you interested in the history of information technology
105,Tell me about Starbucks.,information specific,would you like specific information about starbucks,do you need information or specific information about Starbucks
106,Tell me about Starbucks.,location,would you like the location of the nearest starbucks,are you looking for a location
107,Find information on Hoboken,history,would you like to know the history of hoboken,do you need information on the history of Hoboken
108,Tell me about pampered chef,consultant,would you like to find the nearest pampered chef consultant,are you looking for a consultant
109,Tell me about pampered chef,show,would you like to host the show,are you interested in this show
110,Tell me about pampered chef,catalog current,would you like to see the current pampered chef catalog,are you looking for the current catalog of chefs
111,Tell me about pampered chef,consultant,would you like to become a pampered chef consultant,are you looking for a consultant
112,Tell me about pampered chef,recipes,would you like to find pampered chef recipes,are you looking for recipes
113,Give me information on solar panels.,money ideas,would you like money saving ideas regarding solar panels,do you need information or ideas on how to make money
114,Give me information on solar panels.,historical,would you like the historical information on solar panels,are you looking for historical information about solar panels
115,Find information about living in India.,challenges,would you like more information about the challenges of living in india,do you need information about the challenges you face
116,Find information about living in India.,indian culture history,would you like to know more about indian culture and history,"do you need information about indian culture, history and culture"
117,Find information about living in India.,expats,would you like to learn about expats living in india,do you need information about expats in India
118,Find information about living in India.,versus comparison usa,would you like to see a comparison of living in india versus living in the usa,do you need information about comparison usa versus
119,Tell me about kiwi,fruit,would you like to know how to grow kiwi fruit,do you want to be a fruit grower
120,Tell me about kiwi,fruit tastes,would you like to know what the kiwi fruit tastes like,would you like to know what fruit tastes like
121,Tell me about kiwi,fruit,would you liketo know where kiwi fruit is grown,do you want to be a fruit grower
122,I want to know about appraisals.,appraisers,would you like to find appraisers near you,would you like to be appraised by appraisers
123,I want to know about appraisals.,price range,would you like to see a price range for appraisals,do you need information on the price range
124,I want to know about appraisals.,appraisal definitions,would you like to see the definitions of appraisal,would you like to know about appraisal definitions
125,Find information from the milwaukee journal sentinel.,recent article,would you like the read the most recent article,do you want information about the recent article
126,Find information from the milwaukee journal sentinel.,news sports,would you like to read about sports or news,do you need information from the sports news site
127,What does the US capital gains tax rate consist of and how is it broken down?,sample,would you like a sample of capital gains worksheet,are you looking for a sample of income tax rates
128,What does the US capital gains tax rate consist of and how is it broken down?,book topic,would you like to buy a book about this topic,are you looking for a book on this topic
129,What was the name of Elvis Presley's home?,presleys address,would you like the address for elvis presleys home,are you looking for Elvis presleys address
130,Fine me beef stroganoff recipe,quick,would you like a quick recipe,do you need to make it quick and easy
131,Fine me beef stroganoff recipe,pot instant oven,would you like to cook the beef stroganoff in an instant pot or do you prefer an oven,do you need to make a pot of instant oven
132,What are problems with ford edge?,reliability reports,would you like to read reliability reports on the ford edge,do you need to know about reliability reports
133,What are problems with ford edge?,list repair edges businesses,would you like to see a list of businesses near you that repair ford edges,do you need information to repair ford edges
134,Tell me about history of orcas island,name origin,would you like to learn about the origin of the name of orcas island,are you looking for the origin of the name
135,Find more information about baldness cure,cures news balding,would you like to know the latest news about balding cures,would you like to discuss balding cures news
136,Find more information about baldness cure,list professionals balding medical,would you like to see a list of medical professionals who specialize in balding,do you need to list balding medical professionals
137,Find more information about baldness cure,page balding possible reddit cures,would you like to see a reddit page on possible balding cures,do you need information about possible balding cures reddit page
138,Find more information about baldness cure,cures mens,would you like to know about mens balding cures,do you need information about mens cures
139,What are treatments for carotid cavernous fistula?,doctor treatment,would you like to search for a doctor for a carotid cavernous fistula treatment,are you looking for a doctor or treatment
140,where to go if I made a crime in Brazil,book lots maps,would you like a book that has lots of maps of brazil,would you like to book lots of maps
141,where to go if I made a crime in Brazil,transportation map,would you like a transportation map of brazil,would you like to see a transportation map
142,where to go if I made a crime in Brazil,region specific,would you like to see a specific region of brazil,do you need information about that specific region
143,where to go if I made a crime in Brazil,jurisdictions political boundaries,would you like to know about brazil political jurisdictions boundaries,are you looking for jurisdictions that have political boundaries
144,where to go if I made a crime in Brazil,information vacation,would you like to know information about vacation in brazil,do you need information or information on vacation
145,Find me a map of the US Capitol,state,would you like a map of every state capitol,would you like to see in your state
146,Find me a map of the US Capitol,information maps historical,would you like historical information about us capitol maps,are you interested in historical maps and information
147,How to cure angular cheilitis,risks,would you like to know risks associated with angular cheilitis,do you need to know about the risks
148,Tell me about defender,web page specific,would you like to visit a specific web page,are you looking for a specific web page
149,Find me map of USA,details,would you like to know more about us geographic details,are you looking for details
150,Find me map of USA,roads,would you like to know more about us roads,do you want to know where the roads are
151,Tell me more about horse hooves,diseases,would you like to know about horse hooves diseases,do you need information on the diseases of horses
152,tell me about Voyager,today,would you like to know where the voyager is today,do you need information today
153,i'm interested in history of the electronic medical record,book topic,would you like to buy a book about this topic,do you need to know about this topic book
154,Find me information about the Ritz Carlton Lake Las Vegas.,web specific site,are you looking for a specific web site,do you need information about this specific web site
155,Find me information about the Ritz Carlton Lake Las Vegas.,games specific,are you looking for any specific games to play there,do you need information about any specific games
156,Find me information about the Ritz Carlton Lake Las Vegas.,directions,are you looking for directions to the ritz carlton in las vegas,do you need information or directions to get there
157,tell me about cass county missouri,part specific,are you looking for a specific part of missouri,do you need to know about this specific part
158,tell me about cass county missouri,service government,are you looking for government service,are you interested in government service
159,tell me about cass county missouri,places,are you looking for places to eat in cass county missouri,are you looking for places to hang out
160,Tell about an adobe indian house?,pictures houses,are you looking for pictures of adobe indian houses,are you interested in pictures of indian houses
161,Tell about an adobe indian house?,houses tour,are you looking for a tour of adobe indian houses,do you need information about this adobe houses tour
162,What is von Willebrand Disease?,information specific,are you looking for specific information about von willebrand disease,do you need information or information on specific diseases
163,all men are created equal,independence national archives declaration,are you looking for declaration of independence at the national archives,are you interested in the declaration of independence of the national archives
164,Tell me more about Rocky Mountain News,web specific site,are you looking for a specific web site,are you looking for a specific web site
165,Tell me more about Rocky Mountain News,information range,are you looking for information regarding the rocky mountain range,do you want information about this information range
166,Find me information about the sales tax in Illinois.,form specific,are you looking for a specific form,do you need information about the specific tax form
167,I'm looking for information on hobby stores,radiocontrolled plane,are you looking for a radiocontrolled plane,do you need information on plane tickets radiocontrolled
168,I'm looking for information on hobby stores,specific store,are you looking for a specific hobby store,do you need information on specific hobby store locations
169,I'm looking for information on hobby stores,coupons,are you looking for coupons,do you need information on how to get coupons
170,I'm looking for information on hobby stores,maryland,are you looking for hobby stores located in maryland,do you need information
171,I'm looking for information on hobby stores,open,are you looking for stores that are currently open,do you need to open a hobby store
172,I’m looking for blue throated hummingbird,photos specific,are you looking for any specific photos,are you interested in photos of specific species
173,Tell me information about computer programming.,much cost lessons,are you looking to see how much computer programming lessons cost,would you like to know much more about the cost of computer programming lessons
174,Tell me information about computer programming.,job,are you looking for a job in computer programming,do you need information about your computer programming job
175,Tell me information about computer programming.,schools,are you looking for computer programming schools near you,do you need information about the computer programming schools
176,Tell me information about computer programming.,languages different,are you looking for information on different computer programming languages,do you need information about different computer programming languages
177,Tell me information about computer programming.,jobs,are you looking for information on jobs,do you need information about your computer programming jobs
178,Tell me information about computer programming.,nearby classes coding,are you looking for nearby coding classes,do you need information about coding classes nearby
179,What should I know about the civil war,confederate victory,are you looking for a confederate victory,are you looking for a confederate victory
180,What should I know about the civil war,union victory,are you looking for a union victory,do you want to know about union victory
181,What should I know about the civil war,battle specific,are you looking for a specific battle,do you want information about the specific battle
182,What should I know about the civil war,specific movie,are you looking for a specific movie,do you need to know about this specific movie
183,What should I know about the civil war,large battles,are you looking for large battles,are you looking for a large number of battles
184,What should I know about the civil war,american,are you looking for the american civil war,are you looking for an american president
185,I want to learn about rock art.,examples,are you looking for examples of rock art,are you looking for examples of rock art
186,I want to learn about rock art.,information cave location painting,are you looking for information about cave painting in any location,do you need information on cave painting location information
187,I'm looking for a wedding budget calculator,budgeting advice,are you looking for advice on wedding budgeting,are you looking for wedding budgeting advice
188,Find Brooks Brothers clearance.,catalog merchandise,are you looking for merchandise catalog,do you need information on the merchandise catalog
189,Find Brooks Brothers clearance.,promotions online,are you looking for online promotions,would you like to see Brooks Brothers promotions online
190,Find Brooks Brothers clearance.,suit,are you looking to buy a suit,do you need information about this suit
191,When can I see Churchil Downs,churchill attractions,are you looking for attractions near churchill downs,would you like to see churchill attractions
192,When can I see Churchil Downs,directions,are you looking for directions to churchill downs,are you looking for directions
193,When can I see Churchil Downs,churchill events,are you looking for events at churchill downs,are you looking for for churchill events
194,When can I see Churchil Downs,information churchill,are you looking for more information about churchill downs,would you like to see churchill information
195,Where should I order dog clean-up bags,seller,are you looking for a seller near you,do you want to know the seller of the bag
196,Where should I order dog clean-up bags,way wast,are you looking for a way to dispose your dog wast,would you like to see way more wastage
197,Where should I order dog clean-up bags,biodegradable,are you looking for biodegradable dog clean up bags,do you need to order bi biodegradable bags for your dog
198,Where can I buy pressure washers?,washer location,are you looking for the nearest location to buy a pressure washer,are you looking for a washer location
199,Where can I buy pressure washers?,washer place parts,are you looking for a place to buy pressure washer parts,would you like to place pressure washer parts
200,Where can I buy pressure washers?,washer,are you looking to buy a pressure washer,would you like to buy washer washers
201,Where can I buy pressure washers?,washer,are you looking to rent a pressure washer,would you like to buy washer washers
202,tell me about diversity,definition,are you looking for a definition of diversity,are you looking for a definition of diversity
203,tell me about diversity,content specific,are you looking for a specific content related to diversity,do you need information on specific content
204,tell me about diversity,educational materials,are you looking for educational materials about diversity,do you want to know about diversity educational materials
205,tell me about diversity,information specific program,are you looking for information on a specific diversity program,are you interested in any specific program or information
206,Tell me more about Euclid,specific kind truck,are you looking for a specific kind of truck,are you looking for a specific kind of truck
207,Tell me more about Euclid,company,are you looking for a company,do you need information about this company
208,Tell me about Starbucks.,recipe,are you looking for a recipe,are you interested in their recipe
209,Tell me about Starbucks.,web page specific,are you looking for a specific web page,are you interested in a specific web page
210,Tell me about Starbucks.,news current,are you looking for current news related to starbucks,do you want information on the current news
211,Tell me about Starbucks.,information specific cards gift,are you looking for specific information about starbucks gift cards,do you need information or information about specific gift cards
212,Find information on Hoboken,hotels,are you looking for hoboken hotels,do you need information on hotels in Hoboken
213,Find information on Hoboken,web page specific,are you looking for a specific web page,do you need information on specific web page
214,Find information on Hoboken,apartment,are you looking for an apartment in hoboken,do you need information about the apartment complex
215,Find information on Hoboken,food,are you looking for food in hoboken,do you need information about Hoboken food
216,Find information on Hoboken,center medical,are you looking for information about the hoboken medical center,do you need information about Hoboken medical center
217,Tell me about pampered chef,reviews,are you looking for reviews related to the pampered chef,are you looking for reviews
218,Give me information on solar panels.,specific type,are you looking for a specific type of solar panels,do you need information on specific type of solar panels
219,Give me information on solar panels.,purchasing,are you looking for information on purchasing and installing solar panels,do you need information on purchasing solar panels
220,Give me information on solar panels.,power specific,are you looking for specific information on solar power,do you need information on specific solar power sources
221,Give me information on solar panels.,cost,are you looking for the cost of solar panels,do you need information on the cost of solar panels
222,Tell me about kiwi,information fruit,are you looking for information on the fruit kiwi,do you need information or information about the fruit
223,Tell me about kiwi,information bird,are you looking for information on the kiwi bird,do you need information or information about the bird
224,Tell me about kiwi,birds sale,are you looking for kiwi birds for sale,would you like to see sale of birds
225,Tell me about kiwi,fruit sale,are you looking for kiwi fruit for sale near you,do you need information on the sale of fruit
226,I want to know about appraisals.,appraiser type,are you looking for a type of appraiser,do you need information about appraiser type
227,I want to know about appraisals.,appraisal companies,are you looking for appraisal companies near you,do you need information about the appraisal companies
228,Find information from the milwaukee journal sentinel.,web specific site,are you looking for a specific web site,do you need information about this specific web site
229,What was the name of Elvis Presley's home?,homes historical,are you looking into historical homes,do you need information about his historical homes
230,What was the name of Elvis Presley's home?,long,are you looking to see how long elvis presley lived in his home,are you looking for a long time
231,What are problems with ford edge?,recalls,are you looking for the recalls on the ford edge,do you need information about ford recalls
232,Tell me about history of orcas island,historical museums,are you looking for historical museums on orcas island,do you want information about historical orcas museums
233,Tell me about history of orcas island,information specific era,are you looking for information from a specific era in the history of orcas island,do you need information or information about specific era
234,Find more information about baldness cure,doctors balding,are you looking for doctors that help with balding,do you need information about balding doctors
235,Find more information about baldness cure,cures balding quick,are you looking for quick balding cures,do you need information about balding cures quick
236,Find information on hayrides in pa,free,are you looking for free hayrides,do you need information on how to get free
237,What are treatments for carotid cavernous fistula?,specific treatment,are you looking for a specific carotid cavernous fistula treatment,would you like to see specific treatment options
238,Tell me about the educational advantages of social networking sites.,opportunities career learning online,are you looking for career opportunities or educational learning online,would you like to see online learning career opportunities
239,What is Poem in Your Pocket Day?,activities,are you looking for activities for the day,do you need information about the activities of Poems in your pocket day
240,What is Poem in Your Pocket Day?,examples poems,are you looking for examples of poems to carry for poem in your pocket day,are you looking for examples of poems in your pocket
241,What is Poem in Your Pocket Day?,templates,are you looking for templates to print out for poem in your pocket day,are you looking for templates for your day
242,How to cure angular cheilitis,name common,are you looking for a common name for angular cheilitis,would you like to see a common name
243,How to cure angular cheilitis,definition,are you looking for the definition of angular cheilitis,do you need to know about the definition
244,How to cure angular cheilitis,clinic webmd websites cheilits,are you looking for webmd websites or mayo clinic websites about angular cheilits,would you like to webmd websites cheilits clinic
245,How to cure angular cheilitis,websites cheilits,are you looking for websites that describe angular cheilits,are you looking for the cheilits websites
246,How to cure angular cheilitis,treatments,are you looking for best treatments for angular cheilitis,are you interested in treatments for this disease
247,How to cure angular cheilitis,symptoms,are you looking for symptoms of angular cheilitis,do you need to know about the symptoms
248,Tell me about defender,security system,are you looking for a security system,would you like to see a security system
249,Tell me about defender,soccer advice,are you looking for advice on how to play soccer,do you need information or advice on soccer
250,Tell me about defender,lyrics,are you looking for defender lyrics,are you looking for lyrics
251,Find me map of USA,paper version,are you looking for a paper version of us map,would you like to see a paper version
252,Find me map of USA,books children,are you looking for children coloring books,do you want to know what books children are reading
253,Tell me more about horse hooves,information horseshoe,are you looking for information about horseshoe,do you need information on horseshoe information
254,Tell me more about horse hooves,hoof diagram,are you looking for a diagram of a horse hoof,are you looking for a hoof diagram
255,Tell me more about horse hooves,information anatomy,are you looking for information on the anatomy of horse hooves,do you need information or information about horse anatomy
256,tell me about Voyager,web page specific,are you looking for a specific web page,are you looking for a specific web page
257,tell me about memory,specific store,are you looking for a specific store,do you want information to store in specific memory
258,tell me about memory,famous people great memories,are you looking for famous people who have great memories,do you need to have great memories famous people
259,tell me about memory,ways,are you looking for ways to naturally boost your memory,are you looking for ways to improve your memory
260,i'm interested in history of the electronic medical record,specific period time,are you looking for a specific time period for,are you looking for a specific period of time
261,where to go if I made a crime in Brazil,bodies map water,are you searching for a map that shows the bodies of water in brazil,do you need information on the water bodies map
262,Find me information about the Ritz Carlton Lake Las Vegas.,reservation,do you need a reservation at the ritz carlton in las vegas,do you need information about the hotel reservation
263,Tell about an adobe indian house?,information people specific houses,do you need any specific information about people who resided in adobe houses,do you want information about specific houses
264,Tell me information about computer programming.,market job specific,do you need any specific information about its job market,do you need information specific to your job market
265,What should I know about the civil war,list battles,do you need a list of civil war battles,would you like to list some of the battles
266,I'm looking for a wedding budget calculator,information part specific ceremony,do you need this information for any specific part of your ceremony,are you looking for a specific part of your wedding ceremony information
267,Find Brooks Brothers clearance.,location,do you need to find a brooks brothers location,do you need to know about this location
268,Where can I buy pressure washers?,washer,do you need a pressure washer shipped directly,do you need information that washer washers can be purchased online or in person
269,Find information on ontario california airport.,directions,do you need directions to ontario california airport,would you like to see directions to the airport
270,Find information on ontario california airport.,website address map area,do you need a map of the area would you like the website address,do you need information on the website address of the area map
271,Find information on ontario california airport.,booking,do you need to make a booking are you travelling alone,do you need information on booking a flight
272,tell me about diversity,information financial,do you need information on financial diversity,are you looking for financial information
273,tell me about diversity,definition,do you need the definition of diversity,are you looking for a definition of diversity
274,Tell me more about Euclid,directions,do you need directions to euclid ave,do you want to know more about the directions
275,Tell me more about Euclid,greek information history,do you need more information about greek history,do you need information on greek history information
276,Tell me about Starbucks.,information contact,do you need contact information for starbucks,are you looking for any contact information for Starbucks
277,Tell me about Starbucks.,directions,do you need directions to the nearest starbucks,would you like to know more about the directions
278,Give me information on solar panels.,different types,do you need information about different types of solar panels,do you need information on different types of solar panels
279,I want to know about appraisals.,appraisal home,do you need a home appraisal,do you need to know about appraisal home inspections
280,I want to know about appraisals.,antique,do you need an antique apprasied,are you interested in appraising antique items
281,where to go if I made a crime in Brazil,map,do you need to know where to find a map of brazil,do you need information about the map
282,What is Poem in Your Pocket Day?,printable poems,do you need printable poems,are you looking for free printable poems
283,What is Poem in Your Pocket Day?,date,do you need to know the date for 2019,do you need to write a poem to date
284,What is Poem in Your Pocket Day?,information,do you need information related to celebrating the poem in your pocket day,do you need information or information about Poem
285,Tell me more about horse hooves,hoof care tips,do you need horse hoof care tips,would you like to see hoof care tips
286,Tell me more about horse hooves,horses,do you need your horses hooves trimmed,do you need information about horses
287,Find me information about the Ritz Carlton Lake Las Vegas.,historical,do you want historical information on the ritz carlton lake las vegas,are you looking for historical information about Las Vegas
288,tell me about cass county missouri,rate crime,do you want to know about the crime rate in cass county missouri,are you looking for the crime rate in this county
289,tell me about cass county missouri,schools,do you want to know about the schools in cass county missouri,do you need information on the schools in this county
290,Tell about an adobe indian house?,information construction houses,do you want information about the construction of adobe houses,do you want information or information about construction houses
291,Tell about an adobe indian house?,pueblo american houses hopi,do you want to know about pueblo hopi or american indian houses,do you want to hopi american house p pueblo houses
292,Tell about an adobe indian house?,houses,do you want to know what adobe indian houses are made out of,are you looking for an indian houses
293,Tell about an adobe indian house?,houses,do you want to know where to find adobe indian houses,are you looking for an indian houses
294,What is von Willebrand Disease?,dogs information,do you want information about von willebrand disease in dogs,are you looking for information on dogs and cats
295,What is von Willebrand Disease?,cause,do you want to know about the cause of von willebrand disease,are you looking for the cause of this disease
296,Tell me about atypical squamous cells,smear pap,do you want to learn about atypical squamous cells in a pap smear,do you need information on pap smear testing
297,Tell me about atypical squamous cells,cancer cervical,do you want to learn about cervical cancer,do you need information about cervical cancer
298,Tell me about atypical squamous cells,picture,do you want to see a picture of atypical squamous cells,do you want to know the picture of a squamous cell
299,Tell me about atypical squamous cells,common,do you want to see how common it it,do you need information about common squamous cell diseases
300,Tell me more about Rocky Mountain News,recent events historical,do you want historical or recent news events,are you interested in recent historical events
301,Tell me more about Rocky Mountain News,sources canadian,do you want to incude both canadian and us news sources,are you looking for canadian news sources
302,Tell me more about Rocky Mountain News,geology range,do you want to read geology of the mountain range,would you like to read range geology
303,Tell me more about Rocky Mountain News,videos,do you want to watch news videos or read the news,are you looking for more videos
304,Find me information about the sales tax in Illinois.,state return,do you want to get helping completing your illinois state tax return,do you need information about your state sales tax return
305,Find me information about the sales tax in Illinois.,state rate,do you want to know what the illinois state tax rate is,are you interested in the state sales tax rate
306,Find me information about the sales tax in Illinois.,rate refund,do you want to know where your refund is or know the tax rate,would you like to refund your tax rate
307,Find me information about the sales tax in Illinois.,rate articles percentage,do you want to read articles about the tax rate or know the tax rate percentage,do you need to pay the percentage rate of sales tax on articles sold in Illinois
308,I'm looking for information on hobby stores,online physical locations,do you want stores with physical locations or online stores,do you want information on physical locations of online stores
309,I'm looking for information on hobby stores,operation hours,do you want to know hours of operation,do you need information on the hours of operation
310,I’m looking for blue throated hummingbird,mexico,do you want to find them in mexico or in the us,are you looking for blue me mexico
311,I’m looking for blue throated hummingbird,nice hummingbirds,do you want to know if blue throated hummingbirds are nice,would you like to see nice hummingbirds
312,I’m looking for blue throated hummingbird,mate hummingbirds,do you want to learn more about how blue throated hummingbirds mate,do you want to know how hummingbirds mate
313,What should I know about the civil war,many people,do you want to know how many people were killed,do you want to know how many people were killed
314,What should I know about the civil war,battles specific general details,do you want specific or general details on battles,would you like to know specific details about general battles
315,What should I know about the civil war,battles history,do you want to know a history of all battles in the war,would you like to know about battles in history
316,I want to learn about rock art.,history,do you want the history of rock art,are you looking for the history of rock art
317,I want to learn about rock art.,examples,do you want examples of rock art,are you looking for examples of rock art
318,I want to learn about rock art.,locations,do you want locations of rock art,do you need information on rock art locations
319,I want to learn about rock art.,pictures,do you want pictures of rock art,are you looking for pictures of rock art
320,Find Brooks Brothers clearance.,nc center garland,do you want to know about brooks brothers clearance center in garland nc,do you want to know nc garland center
321,Find Brooks Brothers clearance.,online clothes,do you want to shop online for clothes,are you interested in buying clothes online
322,Find Brooks Brothers clearance.,clothing stores,do you want find clothing stores,do you want to talk about the clothing stores
323,Find Brooks Brothers clearance.,information discounts sales,do you want information on sales and discounts,do you need information or information on sales discounts
324,When can I see Churchil Downs,churchill time,do you want to know the best time to visit churchill downs is,are you interested in doing churchill time
325,When can I see Churchil Downs,churchill,do you want to know where churchill downs is located,do you want information on churchill Downs
326,Where should I order dog clean-up bags,cost,do you want to know the cost,are you interested in the cost of dog cleaning
327,Where should I order dog clean-up bags,requirement,do you want to know if they are a requirement where you live,would you like to see a requirement for them
328,Where can I buy pressure washers?,washer engine certain,do you want a pressure washer with a certain engine,are you looking for a certain washer engine
329,Where can I buy pressure washers?,price compare,do you want to price compare pressure washers,are you interested in price compare to other brands
330,Tell me more about Euclid,works,do you want to see works of his,are you looking for new works of art
331,Tell me more about Euclid,biography,do you want a biography,are you interested in a biography of Euclid
332,Tell me more about Euclid,elementary,do you want to go to euclid elementary,do you need to go to elementary school
333,Tell me more about Euclid,discoveries important,do you want to know his most important discoveries,would you like to see important discoveries made
334,Tell me more about Euclid,people related,do you want to know related people,are you looking for people related to Euclid
335,Tell me more about Euclid,alive,do you want to know when he was alive,do you want to be alive
336,Tell me about Starbucks.,many coffee types,do you want to know how many types of coffee starbucks has,would you like to buy many types of coffee
337,Tell me about Starbucks.,many locations,do you want to know how many locations starbucks has,do you need to go to many locations
338,Find information on Hoboken,interest points,do you want to see points of interest in hoboken,are you interested in points of interest
339,Find information on Hoboken,hotel,do you want a hotel in hoboken,do you need information about Hoboken hotel
340,Find information on Hoboken,directions,do you want directions to hoboken,do you need information or directions to Hoboken
341,Find information on Hoboken,climate,do you want information on the climate of hoboken,do you want information on climate change
342,Tell me about pampered chef,party,do you want to attend a pampered chef party,are you interested in a party
343,Give me information on solar panels.,totals annual savings,do you want annual savings totals if you install solar panels,do you need information on annual totals of savings
344,Give me information on solar panels.,home,do you want to know where solar panels are typically installed in a home,are you looking for a home with solar panels
345,Find information about living in India.,foreigners feelings,do you want to know foreigners feelings about living in india,are you looking for foreigners with feelings about India
346,Find information about living in India.,thing,do you want to know what the best thing about living in india is,do you want information about the thing you want
347,Find information about living in India.,pros cons,do you want to see pros and cons of living in india,do you need information on the pros and cons
348,Tell me about kiwi,people background historical,do you want to know the historical background of the kiwi people,are you looking for people with historical background
349,Tell me about kiwi,nutritional aspects fuit kii,do you want to know the nutritional aspects of the kii fuit,are you looking for nutritional aspects fuit kii
350,I want to know about appraisals.,appraisal cost,do you want to know the cost of an appraisal,would you like to know about the cost of appraisal
351,Find information from the milwaukee journal sentinel.,app,do you want an app for the sentinel,do you need information on how to use this app
352,What does the US capital gains tax rate consist of and how is it broken down?,list rates table current,do you want a list of the current capital gains tax rates in a table,do you need information on the current table list rates
353,What does the US capital gains tax rate consist of and how is it broken down?,answers questions webster list popular,do you want a list of the most popular webster with answers to captain gains tax rate questions,are you looking for popular list answers questions webster
354,What does the US capital gains tax rate consist of and how is it broken down?,short long term,do you want to know about short term or long term capital gains tax rate,are you interested in short and long term capital gains
355,What was the name of Elvis Presley's home?,presleys,do you want to know when elvis presleys home was built,do you want information about the presleys home
356,Fine me beef stroganoff recipe,pot,do you want a one pot recipe,are you looking for a recipe for pot roast
357,What are problems with ford edge?,recalls,do you want to see if there have been recalls of the ford edge,are you looking for recalls
358,Tell me about history of orcas island,inhabitants first,do you want to know about the first inhabitants of orcas island,are you looking for the first inhabitants of this island
359,Tell me about history of orcas island,geographical,do you want to know about the geographical history of the island,are you interested in the geographical history of the orc
360,Find more information about baldness cure,products,do you want balding cure products,do you need information on baldness products
361,Find more information about baldness cure,cures women balding,do you want balding cures for women,are you interested in women balding cures
362,Find information on hayrides in pa,directions pennsylvania hayride certain,do you want directions to a certain hayride in pennsylvania,do you need information on certain hayride directions pennsylvania
363,What are treatments for carotid cavernous fistula?,treatment,do you want to know more about carotid cavernous fistula treatment,are you looking for a treatment for this
364,What are treatments for carotid cavernous fistula?,cost treatment,do you want to know the cost of a carotid cavernous fistula treatment,do you want to know what treatment cost is
365,Tell me about the educational advantages of social networking sites.,education,do you want to know how you get education advantages from using social networking sites,do you need to know about the education advantages of Social Networking Sites
366,where to go if I made a crime in Brazil,roads map,do you want a map of the roads in brazil,do you need to map out the roads
367,where to go if I made a crime in Brazil,maps app,do you want to know an app that has maps of brazil,do you need information on the maps app
368,Find me a map of the US Capitol,washington dc,do you want a map of washington dc,are you interested in visiting washington dc
369,Find me a map of the US Capitol,state,do you want a state capitol map for the us,would you like to see in your state
370,Find me a map of the US Capitol,access,do you want to know how to access a us capitol map,are you looking for access to this site
371,Find me a map of the US Capitol,information tour,do you want to know if there is tour information on the us capitol map,do you need information on how to get tour information
372,Find me a map of the US Capitol,cities,do you want to know what cities are on the us capitol map,would you like to see in your cities
373,Find me a map of the US Capitol,details,do you want to know what details are on a us capitol map,would you like to see the details of
374,Find me map of USA,continental united states,do you want to see a map of the continental united states,are you looking for the continental united states
375,Find me map of USA,united political states,do you want to see a political map of the united states,would you like to see a political map of united states
376,Find me map of USA,territories united states,do you want to see a map of united states territories,would you like to see the united states territories
377,tell me about Voyager,planets,do you want to know which planets voyager has visited,do you need to tell me about planets
378,tell me about Voyager,trek star,do you want to know more about star trek voyager,are you interested in star trek
379,tell me about Voyager,nasa program,do you want to know more about the nasa voyager program,are you interested in the nasa program
380,tell me about Voyager,mission,do you want to know more about the voyager mission,do you need information on this mission
381,tell me about Voyager,book,do you want to know where to get a book on the voyager,do you need information about this book
382,Who is the patron saint of mental illness?,merchandise,do you want to buy merchandise with the patron saint of mental illness on it,do you need information about mental illness merchandise
383,Who is the patron saint of mental illness?,saints,do you want to know all of the patron saints,are you looking for the saints of the world
384,Who is the patron saint of mental illness?,prayer,do you want to know the prayer of that patron saint,do you want information about mental illness and prayer
385,Who is the patron saint of mental illness?,someone,do you want to pray for someone with mental illness,are you interested in helping someone with mental illness
386,Who is the patron saint of mental illness?,images,do you want to see images of her,do you want information or images of the saint
387,i'm interested in history of the electronic medical record,first,do you want to know when the first medical record was record,are you interested in the history of electronic medical records first
388,I'm looking for universal animal cuts reviews,anyone,did you want to know if anyone near you has tried it,are you looking for anyone on the internet
389,I'm looking for universal animal cuts reviews,different effective weight levels,did you want to know if it was effective for different levels of weight,are you looking for different levels of effective weight
390,I'm looking for universal animal cuts reviews,price,did you want to know if the price was worth it,are you interested in doing a price comparison
391,I'm looking for a wedding budget calculator,calculations something,did you want something online that does calculations for you,are you interested in making calculations for something like this
392,I'm looking for a wedding budget calculator,income,did you want to see a wedding budget based on your income,are you looking for a wedding income calculator
393,I'm looking for a wedding budget calculator,examples weddings,did you want to see examples of budget weddings,are you looking for examples of wedding budget calculators for weddings
394,I'm looking for a wedding budget calculator,app,did you want to see if there was an app to do it,do you need information on your wedding budget app
395,What is Poem in Your Pocket Day?,know reasoning,did you want the know what the reasoning for having poem in your pocket day is,do you want to know the reasoning behind it
396,What is Poem in Your Pocket Day?,activities,did you want to know if there are activities for poem in your pocket day near you,do you want to know the activities of the day
397,tell me about cass county missouri,plans travel,do you have travel plans,are you interested in my travel plans
398,Find information on hayrides in pa,designated pennsylvania date hayride time,do you have a designated date and time you would want the hayride in pennsylvania,do you need information date time designated hayride pennsylvania
399,I want to learn about rock art.,music genre,are you referring to a music genre,are you looking for a genre of rock music
400,Where should I order dog clean-up bags,specif bag type,are you referring to a specif type of dog clean up bag,do you want to know specifical bag type
401,Tell me about kiwi,people fruit new zealand,are you referring to the fruit or the people from new zealand,are you looking for fruit new zealand people
402,What was the name of Elvis Presley's home?,presleys,are you referring to elvis presleys hometown,are you looking for Elvis presleys
403,What was the name of Elvis Presley's home?,house bought,are you referring to the house elvis presley bought in 1956 or 1957,are you looking for a house
404,What was the name of Elvis Presley's home?,house presleys,are you referring to the name of elvis presleys house,do you want to know the presleys house name
405,Tell me about the educational advantages of social networking sites.,linkedin twitter instagram,are you referring to facebook instagram linkedin or twitter regarding educational advantages,do you need information about twitter instagram
406,Find me a map of the US Capitol,dc,are you referring to washington dc,are you interested in joining us in dc
407,Tell me about defender,arcade game,are you referring to the arcade game called defender,are you looking for an arcade game or something
408,Tell me about defender,software,are you referring to a software,are you interested in software development
409,Tell me about defender,vehicle,are you referring to a vehicle,are you interested in this vehicle
410,tell me about Voyager,mission anything space,are you referring to the space mission or anything else,do you need information about the space mission
411,all men are created equal,speech,are you trying to look up a speech,do you need information about the speech of men
412,all men are created equal,constitution,are you trying to look up the constitution,do you need to look at the constitution
413,Find Brooks Brothers clearance.,suits,are you trying to find brooks brothers clearance suits,do you want to know what suits you best
414,Where can I buy pressure washers?,washer,are you trying to build a pressure washer,do you need information that washer washers can be purchased online or in person
415,Tell me more about Rocky Mountain News,interested,what type of news are you interested in,are you interested in joining us
416,tell me about diversity,information,what type of diversity do you need information about,do you need information or information about diversity
417,Tell me more about Euclid,information interested,what type of euclid information are you interested in,would you like to be interested in this information
418,I want to know about appraisals.,informatiom,what type of appraisals do you need informatiom about,are you interested in appraising informatiom
419,Find information from the milwaukee journal sentinel.,articles,what type of articles would you like to read,do you need information from the Milwaukee Journal Sentinel articles
420,What is von Willebrand Disease?,information,what kind of information about von willebrand disease do you want to see,do you want information or information about this disease
421,I'm looking for information on hobby stores,train,what kind of train are you looking for,do you need information on how to train them
422,I want to know about appraisals.,appraisal,what kind of appraisal are you looking for,are you interested in an appraisal
423,Tell me about history of orcas island,information natural historical etc,what kind of historical information are you looking to learn ex origin geography natural history etc,do you need information or information about historical orcas natural history etc
424,Tell me more about Rocky Mountain News,colorado,are you talking about news in colorado,are you looking for more colorado news